Nombre,N_Combates,Id,P_deportividad,Nivel,PC_numero
thoward0,742,673ce4b6,95,17,764
pattersongina1,119,4e7f389a,95,18,370
oramirez2,21,367e6db1,97,6,896
jessicaanderson3,225,aa9fc86d,80,10,517
brent294,35,2fc3a2aa,91,17,751
lsanders5,553,15e5d0ce,79,37,790
rogersjoshua6,213,e4075b21,29,6,661
jennifer907,533,4d0dd92d,14,2,225
gthompson8,81,4304d1eb,86,28,670
williamsryan9,650,9e8080a7,21,3,879
moorechristopher10,419,c6746570,40,14,759
katrinaadams11,870,15da32bf,8,32,267
guerrerosteven12,390,129b37c4,68,36,932
daniel6313,334,78ecfd7b,94,18,866
gtaylor14,827,f2697de0,13,40,568
lharris15,610,6eb8572e,46,19,561
vjensen16,806,5e04e755,16,17,178
mullinswyatt17,381,62871301,41,35,989
burnetteric18,24,3e3424d8,4,7,191
cody7919,133,1a6b0254,53,22,116
thoover20,885,cfeb7366,24,38,338
ncampbell21,583,5beec8bb,74,12,691
steven6422,675,b6d60594,81,20,222
ogates23,894,3b69c928,19,21,191
websterjessica24,360,80085686,15,38,47
edward4825,125,82a6b5e9,75,3,20
vincent3726,190,83e9121e,23,17,867
kayla7827,584,dffe77fc,55,18,85
bobby6628,28,c2b4ec0b,33,19,719
amymcdonald29,151,cf4eb226,90,35,72
samantha6330,792,5122e304,39,46,714
william7831,325,52d59568,34,44,937
nicholasjones32,191,1207ee9b,42,25,704
milesdiane33,508,bdba7452,21,21,853
ramirezchristine34,878,d0ee2921,97,7,173
garciabenjamin35,981,dcc44298,60,50,168
brian2336,889,a6cce4a7,61,42,226
ericcochran37,516,1c7cfe68,49,36,615
kim1338,96,1ceabeb7,57,29,654
walter9839,813,43196be1,9,35,244
bwagner40,334,331d4c9a,89,26,953
halljames41,931,8e09afba,6,9,131
victoriaadams42,245,22b9de9f,95,40,787
davidcollier43,764,6832972f,81,39,994
john5644,587,1758f371,83,44,55
reginaanderson45,34,1ebfdacc,31,12,161
jaustin46,595,3a005fc4,23,9,279
harriscarrie47,790,d9f1e329,43,38,545
joshua1448,753,c1fb20e4,45,8,24
christopher5349,371,0c0c2c35,15,15,595
htapia50,549,46583c7f,59,7,868
ashley0651,933,ca9af637,64,31,713
gabrielavillarreal52,767,e77a9d9c,7,15,317
smithjuan53,307,4a125452,85,49,448
stephanieflores54,722,5b88fc30,25,9,209
virginia7655,734,5eb8e57b,16,34,172
kpratt56,323,a0159d17,42,18,591
nancy7857,818,155635bc,91,37,490
tammiebuck58,1,a4022f5d,57,13,597
gkrause59,354,da27ab0d,39,49,22
willie4660,986,90bc289b,32,37,960
ebony8261,739,1d8c1747,29,14,674
ddiaz62,348,82ca6537,18,32,361
april9363,572,4ed8e6f1,67,50,933
brian8464,356,6f0197b5,84,7,798
ytaylor65,920,9e668e57,82,45,949
gsummers66,236,8b201ffd,1,13,21
uarroyo67,322,16f0bb9f,69,45,166
xkennedy68,300,c61df2d5,78,25,198
pgiles69,287,5a4df84a,25,30,131
oliverrachael70,857,7d92d90e,49,33,842
hamiltonjoel71,182,ac5b2bb1,71,24,829
connieswanson72,393,eb6293ea,8,14,498
rogersstephanie73,77,43098b1e,15,9,30
evelynwhitney74,353,3c59d6b1,82,27,589
harristaylor75,677,0622c846,79,43,600
melissaperez76,642,15b5dd39,40,7,171
cprice77,499,82c79bd8,69,43,374
ginamckenzie78,483,8b7bc2a1,10,36,798
coxbradley79,913,8faf48ba,28,8,620
pamela5580,212,91d04c56,84,26,587
johnsonwilliam81,589,e3a96a49,5,9,785
shawn7182,903,2bd9a971,10,10,61
ismith83,290,47d25452,23,37,317
robert9484,753,b3563fdb,67,50,392
jordan7685,103,cd71dcce,67,24,229
belldonald86,531,e8b5adad,13,17,153
cindygreen87,849,79ad5d8d,30,19,713
gwebb88,674,962fcf3a,88,37,278
dcantrell89,709,64fb3c6d,78,23,243
helliott90,14,4dfe338d,26,31,667
amanda9091,458,6bd9fab0,86,38,922
jessicaburton92,789,2e1e9d22,77,49,590
inolan93,712,6c5797f6,90,11,632
barnesronald94,178,15a66307,57,25,464
nataliereyes95,171,c4b89385,95,7,684
gluna96,870,4d4bb0b4,40,45,484
tcole97,746,48e47791,30,45,232
robertallen98,302,45118555,24,39,58
livingstonalyssa99,26,a22b2dbd,58,35,58
smithsara100,773,9c6796f4,66,50,713
jeremy56101,221,56a0412c,48,11,980
crystaltorres102,958,1abf6fc7,35,23,329
cduarte103,806,9a4fd8ca,78,6,824
esosa104,493,b6ca7e35,12,18,804
kristin10105,678,1df73dba,87,9,789
paigele106,205,35d1d721,89,14,926
harriserin107,795,64b18ba5,46,33,279
becky96108,948,6286fef3,70,47,734
steven41109,398,7c26bde2,65,48,353
lisamckenzie110,567,34c32f28,72,27,278
wreynolds111,41,1e8ccc7b,96,14,456
stewartjose112,298,b60e985a,74,20,216
bwhite113,636,936fb6ee,24,7,780
hvalencia114,59,e9b648bd,47,30,887
ywright115,641,b1433460,4,14,667
browncorey116,191,fed849d2,65,40,789
posborne117,638,5bc7f9b5,72,19,417
carlsonchristopher118,257,4583d97a,34,11,858
wendyochoa119,244,7fc64624,84,38,280
brian13120,348,a04ef02d,49,13,970
jacobpeterson121,3,a99e1ef3,97,6,102
vasquezantonio122,566,c738276d,37,39,515
terribarnes123,246,97886ecc,47,37,650
tuckerjudith124,78,3e3c0ad6,24,27,346
pamcoleman125,399,8c145ea8,60,50,535
natalie90126,590,80832397,81,30,14
mmiller127,96,398ba344,6,5,955
laurastevenson128,769,6725aa87,77,13,50
ryanhartman129,254,8db50499,23,10,304
marisarobinson130,844,236a220a,36,20,583
lauren91131,699,bbb66cb3,10,27,823
rgarcia132,116,04cbb9c8,12,42,228
dnicholson133,360,a736e395,53,14,341
weberethan134,614,c300f37b,23,5,610
jonesbrandy135,427,10539ddb,36,46,177
mgonzalez136,341,b5143acf,34,45,480
stephen17137,66,07d81e68,2,24,861
michaelhouston138,466,0f55f847,28,38,715
george40139,899,9ee9d70d,36,28,721
derek61140,665,aa1b1269,99,18,263
xflores141,761,210d3035,50,41,11
dtran142,435,71768030,20,2,902
henrymelissa143,307,c6a1b2f2,30,50,449
tonya49144,502,387ddc67,54,15,410
jessicaellis145,162,f3056deb,90,21,279
stuartjacob146,655,b114daf3,35,8,821
lisa26147,523,c7dace69,57,1,603
aliciahernandez148,903,08ca368c,93,6,247
coleandrea149,173,80dd43bc,42,13,864
whitecarlos150,888,43435ee6,19,38,537
rorozco151,600,cabffee5,92,37,898
james64152,280,f24ae60c,8,33,771
umolina153,832,926ba216,26,43,242
allisonmartinez154,267,82998785,1,22,934
lgutierrez155,826,ab221208,81,16,720
felicia90156,359,4aff1b18,43,8,357
greensamantha157,202,34f520e1,70,4,815
etorres158,24,2fb12c5e,76,12,974
tadams159,673,d5b108ab,15,25,651
katherine88160,378,533d35cd,30,1,255
brandon90161,406,c7d4da11,87,33,108
brenda39162,248,bb1217a8,48,35,331
brooke62163,133,0a9c716d,82,12,149
sherry81164,263,d43ed219,96,40,113
sotojorge165,308,01d1e930,48,22,77
thomaswhite166,974,50b98c6a,40,6,138
xwallace167,956,68314d44,22,22,609
sherryrose168,33,ccb9439b,94,18,163
ujohnson169,2,1cdb4bf3,25,32,29
lklein170,639,12a7724d,80,6,362
hunter30171,690,3ad86b68,56,4,708
garciacraig172,556,cb887058,22,40,425
stephen96173,911,bcc2b338,66,12,139
jessicaterry174,208,bf232bfd,27,26,318
sanchezpatricia175,617,6f90de71,78,33,324
emily19176,42,c18fe650,63,34,401
carolinecalderon177,164,d89f56f6,65,4,666
zferrell178,905,3ab41621,23,38,123
vincentward179,798,038e20ed,0,42,190
fyang180,302,a2c76819,8,37,141
tyler10181,135,63ac31a4,77,49,126
daryl39182,176,b57f3d9a,52,26,301
meagan43183,92,459fb4ce,33,41,369
porterrichard184,782,70cad102,76,8,979
mariah73185,735,59b03cca,80,46,65
hpatel186,807,8b7ade02,38,34,613
natalie20187,459,e46dee06,87,44,999
smontgomery188,318,0b37303c,55,31,917
dunnmatthew189,28,fd8d18e6,86,27,140
bartonjustin190,569,2e07e922,54,47,919
brownsabrina191,504,2f4264a6,47,49,13
dananelson192,249,9fc3fbfb,36,41,255
daniel99193,379,cbbc882a,32,11,443
ryanrodriguez194,741,5b026658,56,25,38
jjohnson195,507,636e28b1,99,25,335
susan90196,512,9773125d,72,50,278
palmerfrank197,144,1d869d46,54,26,203
thompsondeanna198,314,871bb263,3,20,695
silvahannah199,168,4a4dce23,38,19,827
shieldstimothy200,405,279ee26a,2,23,587
odomrachel201,419,ec8f3dde,92,34,522
nicolegreen202,569,2679620d,33,10,973
johnholt203,271,cb46d33b,41,6,685
mvasquez204,355,c059565f,52,16,466
ryancameron205,354,4c3cb07a,29,31,635
nguyenanthony206,29,6d29b6a6,54,34,146
cristina55207,172,316eca37,78,4,210
markphelps208,489,6998fc5c,10,39,630
wwilliams209,883,ae27e56a,4,3,614
griffinjacob210,488,ac89193a,81,34,321
fernandezlaura211,925,85a5f61d,53,8,562
hughesjustin212,733,23078010,13,28,447
sevans213,561,2594ea23,4,11,495
kellydonald214,138,43b7825d,20,5,357
smithrichard215,929,2996acfa,85,19,145
gambleadam216,831,351a4e30,7,26,565
kevinrodgers217,465,70d8a807,29,48,408
andrew02218,622,846e2dbf,35,37,668
david10219,211,cf58aee9,54,35,819
stewartrichard220,824,da5213e7,30,9,86
laura81221,938,dcdfcd55,36,8,938
carolyn96222,306,8125a873,33,40,819
morgan99223,892,4279f81c,1,41,994
pettychristopher224,228,5380a395,79,48,721
amber46225,919,b4a428cf,26,50,188
geraldwells226,491,eb87261f,76,32,28
parkeradam227,229,30f1ab08,69,43,991
connie73228,301,cf69737d,6,46,371
ashleyclayton229,143,8b361440,80,6,778
richardpatterson230,199,a3b16f8e,3,25,478
anita41231,278,5004ea53,31,36,977
christina57232,815,520bf9b2,70,36,805
kellifrederick233,145,cc817d18,70,21,875
xbaker234,386,9d114e6f,85,12,597
sarabrown235,969,518ad743,82,9,756
igilbert236,987,e6990c31,54,1,28
wanda34237,377,183c9549,18,19,334
shannonarmstrong238,305,8a4b9dfc,44,16,387
mistycarter239,521,3cbed2d4,36,23,426
bestkimberly240,740,98e80ccd,65,36,902
phillipsbenjamin241,978,5c66b15a,32,11,20
buckjoseph242,868,45ce1e1e,51,8,131
sean89243,252,fc38b708,36,41,187
campbellkathleen244,246,6a54f9ac,24,33,609
michael03245,0,7c521cff,35,7,685
tommykelly246,101,f861a453,41,36,710
jacquelinerichards247,734,ab7d8446,9,46,96
schultzjennifer248,672,21cde3dc,39,47,475
xpeterson249,401,451db452,43,44,849
lmartin250,166,b68796dc,59,21,260
msmith251,67,38debfa8,96,49,344
danielstevens252,912,eac9eeb1,60,6,930
fitzgeraldjacqueline253,754,6b06b9fe,77,9,904
vbentley254,724,cfe92a61,26,26,944
wileykimberly255,752,d3f8a2db,75,34,99
npollard256,122,3e6fe952,20,18,395
dorseyrussell257,425,a755ce37,32,38,598
ngilmore258,148,17c0ea77,2,50,175
mortontimothy259,14,bd8082fe,95,3,631
wharvey260,694,40c2ea1c,44,28,908
sheila17261,462,52cdf125,10,45,23
kristymcdaniel262,673,cfbc539e,86,45,696
shannonnavarro263,272,b46dd3d3,40,49,401
john80264,889,cf0b87f8,24,35,16
joseph51265,168,e1d4caa0,20,22,242
jesse92266,336,77ac6a20,2,3,666
michelle39267,430,9468c7f2,6,20,963
rklein268,161,30bfaef2,62,9,788
cathyrichmond269,682,ebe92d4f,94,5,512
sarah75270,471,9ab35bf5,41,47,197
garrettdeborah271,310,07efa3cb,28,32,342
jason26272,408,eb08c213,46,41,903
nathan04273,779,4c2949c1,18,48,283
hannahharris274,562,5a577bea,59,16,551
martinkristy275,281,7c36763e,54,36,757
tgonzales276,159,d3b8ce1b,3,28,181
ypeterson277,683,6011d6d1,35,32,948
elizabeth36278,471,46c4239c,16,36,174
robertdavis279,276,4ea7bbb5,70,29,71
henrykenneth280,137,dbd53cfe,96,39,116
fharmon281,175,a85b0352,42,16,264
fgalvan282,405,06a6b8c2,5,46,465
jim26283,160,020f2bd2,5,6,883
goulderic284,74,9fdada42,93,39,144
sydney74285,421,db91d11f,59,50,261
nathancannon286,859,917a844c,65,38,475
burnsjessica287,326,c615a913,56,23,543
coryhaynes288,742,8087af7f,32,36,935
johnsonchristopher289,234,f570aff9,92,40,531
kpacheco290,606,2495502f,38,41,425
emily67291,741,7eddb1d9,19,8,500
jacobtaylor292,220,e0e0297a,30,11,406
maryjones293,668,7f4584cd,59,37,260
taylorjustin294,277,1757adde,11,38,810
kennedymary295,457,c8843ddc,5,22,590
ineal296,385,5a1d0217,49,30,74
ymurray297,771,5d0b9d33,8,43,777
hernandezsheila298,637,5d945381,58,45,632
holmestracy299,240,5ffb7a51,35,34,690
danieljacobson300,502,84971a4b,68,7,853
lmartinez301,284,d4e649e5,38,13,58
karina04302,69,790ebe1f,45,48,674
poncebradley303,119,3fe87941,55,23,194
timothyjones304,878,48bd6a66,100,26,609
randywest305,862,11379c62,10,47,501
edwardsthomas306,955,44fb763e,61,27,333
mallorythompson307,987,fe2de9e9,70,22,4
aliciahines308,703,d696eb17,25,45,16
sayala309,657,5b745359,95,28,683
andersonbrittany310,404,07caff99,8,29,505
kristenriley311,973,64831dde,30,42,160
bowen312,193,9d89b16e,55,17,496
marshallricky313,533,f548687b,13,35,926
sally44314,957,1f04f911,19,17,979
arnoldmarcus315,920,d7f438ee,63,34,733
kiara11316,296,da20eb5c,63,42,242
zachary93317,50,4116f8ea,98,32,360
matthew46318,799,36310353,5,1,961
knoxantonio319,111,baaf2ee7,84,24,950
uvincent320,885,392e2c40,45,36,181
vaughnbenjamin321,386,547b33c5,90,22,594
jeffrey34322,888,37bb6310,53,1,721
fmiranda323,901,47ae47a4,34,38,555
tony91324,290,c9e2d264,14,25,342
brentobrien325,703,2764b731,97,7,45
qscott326,197,2523439b,0,36,551
amy85327,212,326ebeab,60,32,485
pwalker328,24,b1b31ecf,56,5,850
toni95329,307,cc416993,0,24,659
richardsonkenneth330,576,611e7d42,30,50,303
jessica99331,728,4658896a,48,19,862
rebekah04332,277,8cfec86f,67,5,1
jennifer45333,491,c9c96ae5,41,28,149
janethansen334,319,032f9191,57,23,173
amandaadams335,940,907b85a8,55,22,91
leemichael336,435,be97031d,56,31,254
victoriaward337,390,1900a3ce,42,17,687
raymond97338,286,9ad833b3,62,26,773
nrodriguez339,445,e19e6540,87,19,903
fgordon340,681,bbf5818f,69,42,397
timothytaylor341,84,95aef40b,92,44,526
wjohnson342,438,05687220,14,47,57
taramorrison343,875,2d44396f,33,49,313
jillbishop344,157,c257c58d,21,9,184
crystal32345,55,bc60943a,47,31,30
bradleypeters346,157,2ba09ad5,52,29,141
gschmidt347,107,15f0ee42,81,11,588
jacob52348,399,b4face58,27,15,244
plewis349,276,d965fcfe,86,24,678
joycewillis350,610,c2f99aca,73,35,12
meganacosta351,853,653c1859,30,9,97
mario53352,79,33ed0512,27,9,326
larsentravis353,145,3ee66cca,11,47,135
xrich354,985,5e5c62bf,27,21,801
anna64355,418,f9cdff65,65,20,165
phayes356,950,790b1217,26,42,673
alicia36357,890,585deea8,54,4,573
andre80358,230,9d7181ce,86,8,465
xdean359,810,e49d9e95,42,10,616
fmiller360,702,1adac2c1,8,30,748
carrwilliam361,388,547ee50a,81,28,848
lambertkaren362,999,09ed589b,58,17,129
linda57363,704,296b81aa,28,1,99
zbonilla364,74,5b5aaf82,71,27,732
tracy15365,607,11a6515d,76,9,62
mstone366,350,12033fa6,13,38,537
audrey35367,229,1b050ad0,62,26,547
keith15368,720,ea74b8cc,96,2,17
qcalderon369,628,e05dfa1c,28,38,402
erikamooney370,674,135f65bb,55,44,218
maxwellrandy371,180,0941892f,81,48,895
james78372,935,991d8280,100,7,887
sowens373,550,8030acae,5,17,275
hortoncody374,248,f19f3b3c,56,22,314
ncastillo375,636,ee7e57e8,72,28,842
rbuchanan376,984,9fffe349,73,38,996
curtiskevin377,479,ab25053c,3,12,281
eford378,676,a035b680,93,3,275
angela82379,1000,440a8548,1,23,426
thompsonrichard380,775,d065b711,28,34,902
hudsonaaron381,235,92d70829,97,6,170
shane26382,387,cb1dc232,78,47,622
elliottmichael383,760,2b0be66f,12,27,473
peter36384,490,c2cec8c9,0,47,886
tinasmith385,636,06d817af,50,12,44
cranebenjamin386,469,7cc694bb,47,19,941
nmoyer387,933,0f33b397,11,39,997
vasquezjustin388,938,bfd2472a,57,46,225
elliottcarlos389,353,894ca4ee,66,21,240
sherryhancock390,212,7dc6acbb,100,18,142
nwalker391,676,01433ff3,10,31,258
pollardkelly392,279,613e6dbe,19,44,129
brewerdenise393,976,dd5fe05c,93,5,64
bradleypatel394,588,5c74b7df,20,41,281
donna15395,718,d0829dfd,24,44,856
lmontes396,848,af9b68ae,82,13,777
wdavis397,713,18c21412,74,1,570
rodriguezmichael398,22,07edbc9c,76,9,999
jacob32399,120,b631339c,14,8,521
zeaton400,728,1c8d7865,21,32,840
uyoung401,510,ffb42198,1,46,536
gregorychase402,605,3483e099,13,10,411
sawyerronald403,866,e1a522e9,82,11,146
harrisrebecca404,317,65ba053f,20,20,929
sanchezsean405,823,5c04fd6d,83,12,14
kim54406,952,40e5b75f,59,11,201
eguzman407,343,6b9e78d4,50,11,836
kellyscott408,466,8bb3c581,47,27,906
ohoward409,3,b0491a77,88,29,700
laurie88410,395,15e1164c,63,19,588
fboyer411,535,29df9cad,69,10,194
sandersjason412,990,bec5bca6,0,17,383
prodriguez413,737,0620cf88,98,43,380
jason63414,163,fe29476f,54,30,491
jeremy12415,931,1596c2db,11,43,338
sheltonnicole416,408,9d89aad6,65,42,942
warnerjames417,297,0f333d83,49,1,240
amy98418,266,751b50c0,13,41,813
knightveronica419,825,70624d47,57,35,301
buchananjoseph420,88,ca04143d,28,23,745
ogonzalez421,119,ed994211,39,40,473
tyoung422,667,8e4ad6ff,68,16,126
tnelson423,525,5ccf7fc1,8,41,751
courtney12424,864,5f966649,86,41,229
mwest425,160,8bba4446,42,7,860
martinezjoseph426,193,22094ff2,6,32,580
washingtonalexis427,811,cd192803,49,47,428
sarawalters428,834,45f4fea6,65,6,900
leonmelanie429,805,6e0d731e,67,25,30
imccall430,440,7ba0f62c,32,2,958
evansmichael431,666,68c38023,17,12,591
jennifer01432,125,e7f4751f,18,27,712
bjimenez433,396,977786ed,60,35,286
wellsrobert434,16,6ca21bae,87,6,665
mreilly435,130,ba799dd3,20,47,569
thomasharris436,877,4bcf9f4d,19,27,793
higginseric437,446,ff0d3e70,8,27,654
brownstephanie438,153,8609b9f2,48,22,959
davisjeffery439,644,5862d4b3,19,6,553
igray440,480,ec923b70,96,6,420
jeffreylong441,437,9e0b2a0c,77,7,894
jennifer75442,155,43f5e34b,63,29,172
ageorge443,891,da3d8cc6,15,12,788
mccoyvalerie444,627,9f71364b,99,14,508
rachelbowen445,349,f4d47caa,61,42,325
bonnielopez446,262,89c27687,85,27,398
catherine88447,86,d890ebd4,99,5,783
jamesfarmer448,212,37c4170a,37,22,636
melissa11449,433,735d69c6,42,15,165
turnererica450,154,57c0b891,33,40,64
danielshaw451,923,4264d74a,65,9,451
rjohnson452,873,8af5f07c,50,1,168
fishertiffany453,502,a12d000e,100,40,483
williamschristine454,302,62dc808e,60,46,469
alanschultz455,130,821a0fed,17,46,712
hrobinson456,660,f9554af8,31,8,508
qmiller457,924,6f739d51,64,47,590
gonzalestiffany458,622,26a12f25,74,11,786
leewilliam459,1,837b5730,68,37,895
ginaruiz460,988,2b978754,79,19,458
adam48461,180,94bf7a6a,66,26,682
christinebrooks462,391,65ba9d4c,63,25,563
trevor02463,634,c1ba0ce9,22,21,138
alex86464,395,69685550,91,40,460
elaineosborne465,853,7343fe95,52,34,413
williamramirez466,460,e97bc217,0,24,755
estradalindsay467,236,7e9c9e59,23,33,16
george71468,932,e1c3d9c6,84,8,434
denise18469,815,e6486bbd,48,22,20
nicholeevans470,576,398c452e,28,8,277
christopher57471,895,68c68bed,52,43,228
tsmith472,876,e4f34aee,15,45,880
deannapatterson473,261,90bb8ca2,78,25,796
aboyd474,75,0bf95779,96,48,795
kennethluna475,68,704fb9c2,11,17,117
samuel41476,677,47b56bc0,65,18,452
annette79477,822,a817214a,90,7,735
sydney24478,222,7980829b,36,2,858
justin55479,763,c94788c2,2,6,200
suttonpaul480,316,a55e2e95,63,7,377
gwillis481,490,8aebdf9c,57,38,794
bankstony482,705,f6a51497,62,34,814
alexander70483,28,842f6bb3,46,18,15
curtisjohn484,63,dcbcbc56,22,3,227
qmolina485,302,bd01381d,65,6,210
kenneth93486,881,735faf78,54,38,656
douglas73487,445,011c9311,35,32,183
michelleskinner488,819,75fa14f9,98,18,376
lisa57489,542,102c0269,15,47,372
alisha83490,122,6093c291,47,26,202
richard45491,268,f1edc15f,44,36,250
maddoxemily492,119,39ce1ac3,76,4,376
patrickjimenez493,100,be513eb3,82,36,115
lynnmandy494,741,c44afe35,96,43,497
mcclurejimmy495,549,3c6c552b,14,16,803
richard50496,134,eca554f0,35,19,405
hernandezwanda497,142,10787262,95,27,715
nmartinez498,294,e9f34703,17,33,827
richard37499,186,2f1d0933,33,10,14
garcialarry500,280,6abe97f7,56,4,55
christiegarcia501,497,1fd2fc9f,47,41,298
qbridges502,433,c9b596d8,43,2,200
robert91503,923,4cca4a72,26,2,250
wilsonmichael504,883,9556fce7,45,26,110
ccain505,774,ae3122ef,71,3,569
vincent57506,417,52bbba42,54,42,390
davidfleming507,837,28b2fadd,60,4,307
valdezraymond508,280,a09243e4,36,5,40
kathrynburns509,203,7f756ec6,63,36,114
michaelwalters510,839,6587b276,38,20,996
jonathan50511,799,eb1980aa,36,3,670
riveramichelle512,582,ceb3842f,16,34,583
ashley91513,495,46533f74,55,36,580
calebgarrett514,165,03596d2c,85,5,402
carterjenna515,251,030d255e,63,41,525
caroljensen516,570,ace9d9de,46,48,295
brittany18517,953,2cbd0911,37,42,169
wrightmartha518,845,49a6fb05,38,39,236
smithaaron519,365,7cb87f34,81,1,768
wcabrera520,109,d30b421b,54,34,384
cruzjason521,557,784335a5,17,38,515
walkermark522,905,e7ae78ef,2,10,795
benitezkenneth523,595,87ab0766,75,4,166
millervirginia524,29,f864ab64,55,9,228
qandrews525,702,e4d6fbfb,96,17,720
aaronfowler526,973,3ef5517d,100,23,521
laurenchung527,667,89188c96,85,41,56
kimberlydiaz528,363,d8b801e2,61,12,798
kylecook529,117,475d6197,70,27,766
ibaker530,214,7e4ce57c,28,17,815
hballard531,536,afb9e623,67,43,762
buchanandouglas532,776,13f45690,7,18,491
lshannon533,681,c4d9da29,15,44,950
whitevincent534,426,05fd747e,15,21,208
omurphy535,402,c436a987,18,43,867
glewis536,251,e7bf9fd2,77,32,229
katelynandersen537,668,6b271c09,65,3,30
donnayoder538,585,67a52d8b,93,35,420
qbrown539,3,67c60476,56,14,254
joshuacarlson540,620,2f6c81ca,92,16,450
curtis37541,63,7f9dd37c,83,41,394
marcussmall542,831,6159710b,62,13,711
barnesmichael543,505,d8e626f7,70,27,564
courtneyjones544,710,10ca2fb6,44,49,97
mhull545,855,f702b5de,68,7,327
zbrooks546,344,13be1815,82,11,73
wnicholson547,961,b97e7cf4,23,39,715
brandonlogan548,407,cdeeb634,61,12,752
vpham549,236,ca079cf6,7,2,82
valerieross550,984,c85d5cea,90,49,819
ericcrawford551,22,80dddf73,87,14,899
salinaslaura552,900,64150e43,59,43,422
pruiz553,190,d68af4b1,0,34,770
davisamanda554,727,2079ff44,30,23,678
mcguirechristina555,680,86ef5d98,83,34,550
urodriguez556,95,aff79e13,55,23,245
john09557,204,97255704,78,46,955
kellyfrederick558,886,04882043,4,1,746
jonesjohn559,479,c75894aa,13,10,930
davisrobert560,199,e81ffb0b,69,38,952
iholt561,191,079e8027,98,22,783
ptucker562,198,c14e286d,85,1,403
dixonjonathan563,955,037a3536,30,30,205
michaeldavis564,433,30cd1d13,80,25,425
timothy97565,836,828131a2,77,50,809
ramoslori566,993,4eb9569c,39,7,888
nancy87567,434,4cf03b3d,83,48,856
langbarbara568,12,a0ad536a,41,4,156
fisheramanda569,882,43391d25,40,27,416
tjordan570,439,5b46e1f6,36,39,776
heathermatthews571,711,409e4058,60,34,140
david03572,643,91e200ea,72,22,993
ywall573,957,923df13d,96,15,746
robert54574,373,66f5c8f3,51,40,805
donnageorge575,289,baa77c3b,11,48,176
austin27576,664,cfb17fc9,0,50,710
xmccarty577,817,f6073112,67,49,888
steven73578,518,76a7b0b5,79,28,35
ndavis579,856,ced5b0ea,40,1,793
robertshannah580,674,3fbf9736,34,4,91
dvazquez581,571,fc175098,4,37,641
danawilliams582,595,e2fcaf71,49,9,128
dmorales583,136,9b02be56,69,1,131
thomaswalters584,629,78701b8c,39,1,462
hollowayteresa585,780,fff54f3c,89,46,33
jgreen586,473,f77dde75,31,28,703
lorithomas587,300,ed954d5b,27,40,863
yfitzgerald588,70,c9cf6091,82,30,638
jeff40589,411,f19276c9,11,4,376
anna40590,287,da46c0fa,26,47,845
hlynn591,666,5c93aa31,91,21,968
joshua12592,698,f4b80538,14,14,379
christinapeterson593,760,066eeb59,15,43,70
aaron03594,301,cbe70731,77,25,619
lesliegallagher595,7,3ed0aa41,16,6,301
awillis596,283,0e08c8b8,13,39,886
davidward597,319,1a12eaa3,56,18,72
mannaaron598,152,a5a390f2,83,5,487
macdonaldelizabeth599,765,d39c32d5,1,49,824
smithamanda600,289,4101161b,97,21,221
arnoldlauren601,714,4d3cbeee,48,4,842
sean25602,326,ed397c51,21,13,812
walkerjared603,554,28316d00,70,45,975
uhuff604,458,ddc8a3f9,51,49,272
ugalvan605,969,ea7df8a3,33,40,515
edennis606,734,daf3eb29,40,33,680
montoyadeborah607,464,7cc08d9a,33,33,789
zachary03608,51,51c75311,61,24,457
pollarddonna609,3,8447200c,11,24,91
michelle59610,397,407e37d0,54,20,224
gomezlisa611,326,e812a044,3,6,939
kevingonzalez612,329,7a6717c9,82,17,23
thamilton613,988,d3dd1604,86,25,519
paul36614,987,02ea08c9,16,32,705
lsmith615,405,18a7f769,1,29,465
xmarshall616,685,fac8d10c,87,14,508
anthonynewman617,479,0c71d3db,47,38,34
kchapman618,444,fabcf379,60,5,271
johnsonryan619,641,0580bdbf,69,7,60
tsullivan620,332,46ee5e24,55,2,20
rachelberry621,729,88f3e4a5,60,30,98
parkbrett622,282,d79b8e5c,85,38,561
wroberts623,369,464b21df,43,41,660
vhall624,273,cf0db2f7,63,31,137
lisapatel625,692,126c6070,67,39,327
tylerwarner626,203,a430ade6,31,49,536
pholland627,931,81127326,14,45,236
austinrhodes628,761,0ff597cb,21,18,926
susanturner629,422,9949edbd,12,26,949
nrosario630,890,605bbf71,24,12,887
troyhutchinson631,475,38d9520b,11,3,791
stacey41632,397,fb79e4b7,39,34,429
mcknighttina633,1000,d93474ef,27,26,80
iweiss634,6,7af79afe,88,26,619
daviddickerson635,63,786d3422,88,49,554
bpadilla636,181,27a7ea04,87,20,438
qmoon637,517,471ada6d,22,9,628
campbellcolleen638,138,ecf27996,30,30,994
hudsondavid639,572,50badef3,91,45,339
jasonperez640,482,17c65531,66,18,568
taylorluke641,262,17ba3d32,72,4,893
rodriguezchristopher642,625,fb38a07c,9,12,805
wharris643,422,d0003fef,87,48,867
leslie92644,76,b3eb4ceb,29,42,829
andradeolivia645,888,122b27e6,68,17,247
melissa96646,905,37220d1f,19,21,634
greenethomas647,558,4d9a5777,94,10,249
mitchelljoann648,591,3af97add,73,10,728
cnorris649,96,3e8cd6d6,65,12,858
erikanelson650,867,1f280340,99,17,323
heathersanders651,265,496d155b,42,42,162
nconley652,908,97561b19,52,44,617
jennifermccarthy653,887,db22fbd8,83,50,599
bwilson654,193,6b00bc4a,54,41,623
zlarson655,830,a4341697,8,22,967
mullenrebecca656,672,102c6dea,70,17,385
jasongriffith657,877,d88bede1,79,41,194
fritzterry658,864,6dbfa5ee,38,40,48
murphydaniel659,828,9233b0a6,93,39,190
jonesmelissa660,244,220db322,48,18,406
reidmike661,182,f9ecd76a,3,32,712
markdudley662,768,691f96cd,82,31,289
ndoyle663,815,4a5162d1,12,37,200
kimberly99664,621,0c6e6e11,8,3,190
kathleenrodriguez665,613,a8de4456,96,20,655
mary87666,842,7c3f5090,75,9,422
jimmypatterson667,181,9d5094f8,3,17,393
birdpaul668,672,69c5b679,63,44,118
robinsonmark669,615,9189e13b,82,24,624
allison53670,485,2c8e7b98,75,30,643
oward671,891,6112550d,11,22,735
christophermoore672,423,92e4b97a,27,20,189
michael33673,387,a96fefff,26,27,375
rosevicki674,777,d0159b13,80,21,937
michaellawrence675,578,20e23d9f,22,37,913
jennifer19676,593,20a142af,36,20,238
sweeneyalicia677,467,246b1e1a,27,12,684
tamara61678,546,10f72c41,55,9,863
clarkwilliam679,462,a0f9c80d,62,1,870
emata680,707,f37c2aee,48,39,556
jillianrobinson681,589,6197b306,48,16,251
morgan17682,689,0b5edb29,22,10,71
ramirezjames683,867,bc18301a,3,44,377
sandra14684,236,0dcce252,76,42,971
lbooker685,704,a8849618,74,33,653
jeremy81686,405,3e937977,69,5,759
djones687,512,39a441f7,59,2,999
scott33688,90,47a007a4,49,36,459
floydmark689,141,0a5a106c,8,44,656
judith18690,479,6ce092c9,16,6,690
scott22691,929,242b3e62,64,30,827
alexbender692,242,51f2d682,83,38,227
david95693,746,8aeafcdf,78,28,271
maldonadomichelle694,4,4362f474,84,7,376
michelle74695,445,a39f3d27,98,43,340
dana68696,1,81482eb1,71,5,201
hhall697,518,554a76fe,57,35,616
williamcaldwell698,21,81baf994,29,28,427
dfischer699,751,0a19b99e,28,20,10
jgalloway700,677,7deb7da4,63,20,428
bushtravis701,765,1c9f6acb,34,15,990
bradylisa702,552,9e1e4fcc,38,42,245
john02703,927,22c45d29,3,5,925
annjones704,328,658d61c0,5,11,990
brownrebecca705,896,867371d6,76,35,349
jane40706,358,8641107f,45,15,417
dhill707,886,39207f2c,88,37,571
hortonjoshua708,566,26437fe4,18,31,6
blakejohnson709,657,60e8ec09,97,47,99
sonyarobinson710,428,e04aa21d,7,42,11
joshuaallen711,197,5e24bb36,23,8,662
jhurst712,850,355cd32e,56,30,684
garciakeith713,700,d3f8aacc,18,42,403
moralesvanessa714,605,8e4e1459,70,36,302
durhamtammy715,204,ab93ce2e,11,2,408
rhenderson716,696,5d7d5bf6,36,8,148
zchambers717,253,47145e1a,35,36,987
jonesglenda718,982,5d61baa4,96,24,320
gamblelarry719,589,eb454f30,5,4,79
judith17720,656,002ce7f4,33,7,45
hendersondaniel721,438,a50aab07,39,24,902
rodgersmelissa722,209,3881cbd4,5,32,641
aodonnell723,777,b2e9128e,41,34,933
morriskelly724,703,938e1a3f,47,42,709
janet03725,441,9af3de82,4,21,456
carlsonrandall726,660,bcad91be,94,3,938
cody80727,398,416e9a57,3,10,891
boyermadeline728,0,ba27affe,69,3,256
cynthia87729,985,b398f73a,75,23,40
hfernandez730,307,5df6b360,5,27,256
laurenpugh731,234,e7144acf,41,16,952
ashley51732,660,a8bff64b,1,23,288
xanderson733,932,e714b8d2,12,27,227
morenomelissa734,903,00472222,41,49,413
charleswashington735,311,0eb4f26a,46,45,698
mark06736,563,64724672,49,10,283
nnelson737,678,5b08aa25,62,47,263
alicia94738,732,350e70d1,65,4,958
dianewilliams739,295,25f733db,57,34,519
vkline740,22,971dedec,89,24,430
huffmanmichael741,772,2436f334,64,37,692
nancy90742,249,d754f365,43,23,890
nhernandez743,387,f6585996,25,17,106
melissa65744,926,fea4f19d,38,26,40
dsantos745,438,7cf3241e,11,1,415
marymartin746,922,58fc051f,97,42,496
aguilarstephanie747,128,1fa7fb98,87,6,587
justin25748,993,8bc2bdcf,26,20,135
wreilly749,641,775538e8,66,26,28
sarah61750,60,799b99b8,94,29,212
olee751,425,e2bc9bfd,55,48,808
salazarangie752,641,53842c69,35,33,705
rhodeslaura753,366,50dbd356,94,39,168
christopher32754,174,29a5d2ef,5,5,465
christinaroberts755,43,45d678fc,2,17,314
michael16756,900,360cfbc4,50,10,813
morganamanda757,18,5b052196,62,22,693
chrisjohnson758,901,e762f82e,75,50,540
markwatson759,814,3d8f230c,68,24,927
kenneth17760,466,26d49c41,44,43,884
romangina761,599,39143ab3,2,29,590
tharrington762,937,a857e59e,22,44,945
todd86763,264,7a523762,34,20,182
jandrews764,509,532f28c3,17,7,848
rrivera765,958,53133a68,8,13,622
toddshelley766,630,8d3efdea,81,48,37
mcgeedenise767,253,32712af6,97,27,116
jenniferhughes768,134,070e2b02,31,47,187
abigailjones769,234,c91888de,16,5,905
whitneysean770,665,52f1203b,3,25,688
kolsen771,474,d98991e6,19,25,418
bmiddleton772,843,9bcf9abe,72,45,268
jacob21773,972,c4efd946,26,34,462
martinezgrant774,941,d99d6e7e,69,30,845
jennifer13775,38,be71fdcc,22,26,224
rfranklin776,702,20d7c31e,82,35,259
cynthia41777,482,31f50bb3,100,43,714
kellerjill778,781,c8dff915,95,29,176
tbrady779,110,a17c1c0f,54,19,364
richardrodriguez780,109,39c42ade,90,42,308
bailey34781,691,e75f48aa,2,45,136
theresasantos782,783,2dffe5dc,91,29,976
cnorman783,810,30be2d95,61,19,360
rsmith784,367,5be6ad98,4,37,220
aperez785,703,1667ddbf,5,7,948
sheilapowell786,794,a95187b0,30,43,193
hollydavis787,39,2356b7f6,20,39,83
morganmichael788,114,1768ab44,68,28,894
wstewart789,305,9cd87de0,96,41,276
jennasalas790,12,7259c093,75,28,393
michaelscott791,61,ebe15e84,99,22,552
tanya95792,948,2545c3c6,42,39,551
dixonmichael793,80,9cfbe5d7,43,46,262
kim35794,370,7602923f,63,45,314
palmerstephanie795,26,3c82c798,11,8,380
erinbanks796,103,56fa0978,84,3,905
blevinsmathew797,21,dacb906b,43,24,225
destrada798,797,94cb2dee,18,37,475
danielle50799,43,74d45a82,73,26,713
xnavarro800,130,4a751096,55,6,214
ggreene801,312,1e437dba,97,2,871
luisscott802,107,40eb50a6,6,26,548
breannachavez803,784,f6342e31,99,28,724
moorecrystal804,766,02c8ebb1,47,13,845
ericksonstephanie805,217,bb88dccf,35,31,982
matthewlewis806,375,f33737be,30,22,58
smiles807,167,18139c8d,20,7,637
bethanysmith808,346,fd9dcecf,11,22,896
xmorris809,505,42a2f46f,6,14,338
matthew48810,308,aad632e7,67,19,152
abryan811,947,da25aa0e,60,35,870
wilsonwilliam812,797,d87f939c,36,34,539
kayleehenry813,875,c457dfaa,44,21,872
jeanettebraun814,192,7ac269e3,31,20,41
william11815,437,ef003273,87,40,865
judithhernandez816,511,56554e00,9,34,906
mosleyellen817,769,db46323d,16,50,561
jeffreyrivera818,716,066f9ee2,47,2,568
tracy81819,806,4b57c3d2,94,33,132
alecerickson820,442,9419e1f9,42,19,6
brownjeremiah821,352,adf6c617,81,41,625
hmartin822,396,08bf2c18,64,10,842
jamie94823,635,cee1a0e6,32,13,632
taylordevon824,692,5d5c0b36,17,48,459
serranochelsea825,847,96a86fb0,4,7,568
burnettdarrell826,725,299bb85b,15,21,505
sstevens827,717,b51b8055,77,25,381
mercadojennifer828,79,f591445e,24,38,110
benjamin14829,843,91a2ecd8,44,45,76
williamsjulia830,894,34bcc95b,62,46,761
johnparks831,787,1c9c67c1,93,44,516
williamsonhunter832,659,832e4039,49,21,155
gstevenson833,225,385e7a29,65,19,960
qwalker834,88,4a54693b,8,5,138
johnsonsamantha835,850,dd72f335,37,35,484
dgonzalez836,867,c8291178,31,14,12
russelllang837,551,0bc19d11,48,32,237
xmejia838,817,6a550412,49,1,608
jasminevega839,884,6f33cd22,67,47,608
jessica40840,682,3fdab454,29,31,227
davidgutierrez841,482,64a4d50f,76,37,940
rebecca88842,306,b8ee283b,58,44,447
tammy02843,615,c40627b1,60,18,804
alucas844,488,57aaa7a2,50,42,505
thomasderek845,405,6fe1a2bc,76,39,213
tracycook846,452,3d8cf36c,20,14,50
derek81847,966,212f184e,30,12,108
linda15848,558,59aeb058,30,10,690
zachary47849,391,408f3391,75,9,382
jeffreygould850,769,bb17199b,51,12,325
elliottmarco851,35,e1ee1074,38,38,456
sbryant852,440,a990751d,27,4,943
andradedonald853,568,b3785e03,19,34,85
johnmartinez854,214,171f9bc5,60,3,709
sjenkins855,204,1108fe16,64,3,611
thomas16856,240,e8af4ba6,6,42,270
peter58857,883,d4c4526f,93,29,436
pjuarez858,935,ced3a945,32,46,327
evansbeth859,189,c96d7b5f,59,33,355
anewman860,993,cacdc69a,57,11,593
pfloyd861,29,98b4c7ab,79,22,354
webbcaitlin862,696,f83bcaa4,40,43,21
williamsjoshua863,611,8e76d952,12,4,345
kelly28864,24,c2d77260,14,13,75
arthurgarcia865,590,0d8e5cf3,76,11,524
mathisbrandon866,143,8b97921d,17,16,167
elizabeth65867,152,0af0f3d4,15,8,849
walkercorey868,829,77e19197,37,6,631
john60869,17,3da0221b,17,41,869
colemanjudy870,559,0c9bb4f7,78,37,874
lisahurst871,593,b1c5b09a,76,17,102
ccross872,455,51eafff5,0,41,35
cabrerarebecca873,926,78d97719,70,38,182
bowmanandrea874,172,03a73897,17,46,946
nicholaswolf875,383,27bbd06b,12,16,952
angela31876,986,997f7b52,16,5,831
timothygill877,895,26b3e7f3,51,26,416
lisa15878,142,6124e97c,71,47,7
buckleyjoshua879,361,3180d032,1,44,314
meghanross880,13,e08617e8,52,35,516
tbrandt881,277,5d501e5c,58,3,903
kennethnewman882,374,9e657e3b,44,5,211
brooksvirginia883,684,8e18c343,70,3,651
austinbonnie884,854,b11b6cf5,85,31,550
stephencrawford885,658,2920e3ac,58,2,414
howilliam886,384,ae4a3c88,71,41,542
higginsshawn887,668,8f91bab6,49,24,154
ramseydrew888,474,4acfab13,55,5,192
christensenwilliam889,966,2f3757c7,27,14,260
faguilar890,157,7891231f,14,17,817
brockjohn891,284,8b28ca18,62,3,478
calebcraig892,868,d442906f,53,18,159
melissaburgess893,720,061eb92b,34,20,242
steven25894,924,c9ff9b31,1,7,90
qhenderson895,106,b0a229e7,86,14,675
bryanfields896,485,b3f90f9a,49,25,132
michael88897,114,c526faa2,67,13,981
johnathancannon898,642,be994bed,12,15,510
sierramartin899,948,516d1bb0,6,29,478
hharris900,454,33434390,2,21,795
jennydonaldson901,972,27b79400,71,11,449
qjones902,672,34ba7bb6,8,8,855
jamesmarshall903,80,c861ad51,90,44,710
brandonsmith904,328,7764ac89,5,15,527
lhall905,846,1c0652f1,10,7,803
holmespaul906,486,9db0a306,28,1,677
marybaker907,307,ad7431d8,34,50,176
thomashess908,336,a91025bb,9,19,301
alexandrasmith909,923,de1e33ac,87,47,144
cchavez910,648,e7fbdcab,31,39,592
dwatkins911,376,c3f7464a,81,2,755
stacy29912,692,bfac9d9b,94,46,499
williamskelly913,615,bf0dd800,19,34,441
jacqueline26914,693,07a3c03c,26,49,650
ghardy915,483,b9933103,4,17,811
ryan33916,635,9155af16,95,3,71
christianjohns917,49,c335a793,62,27,342
ecantu918,982,37eabd13,7,18,866
jaime63919,761,7c563dd7,99,10,916
cooperdavid920,871,a5e172ad,8,36,448
matthewgriffin921,451,9b756667,64,1,811
annamora922,900,220a74d3,19,20,201
ericaibarra923,271,29d90c1d,19,28,635
walter78924,345,968db52a,98,43,708
lawsonrobert925,476,cdb8a688,49,9,763
jasonrosario926,11,a2e2fda0,91,43,804
alexa33927,237,113452bb,38,22,925
brianmartinez928,687,499009f0,3,31,358
abigail83929,423,c659166e,55,50,532
austinjoseph930,249,32c6e7e0,97,8,318
ubennett931,833,b0eb4e88,46,5,75
thomasmolina932,147,b0cc351b,99,50,76
ladams933,903,e78606cd,35,41,492
schroedermegan934,132,b38e200c,62,23,72
csmith935,422,8b0ffe2e,54,9,360
herringbriana936,814,ad7d21c0,32,5,731
brettrios937,154,3d6a4d40,66,11,320
vking938,625,aa609aaa,0,31,175
john44939,486,95cac19d,13,2,90
olsonerika940,830,5b5cb749,25,30,122
martinezvalerie941,638,c6e07a59,52,41,78
tsanchez942,913,a7dc7ba3,37,38,361
jeromejohnson943,191,d08165a1,4,17,720
michaelmarshall944,987,dc7a524b,35,32,44
joseph97945,868,b9ac0c5c,87,39,811
juliabeltran946,449,b1c2c610,8,1,714
hadams947,939,8c748110,87,35,652
kmeyer948,289,b0972b8f,29,12,965
dorseymichael949,39,29b2d6ca,54,22,128
ysims950,168,c49d0b53,92,26,728
gdavid951,367,01fbd007,7,18,17
murphymitchell952,550,b5bb7bc2,31,39,676
charles29953,898,755082c6,60,12,519
ashley09954,780,ffd4cfed,92,10,415
thomasmelissa955,328,0e4feb21,80,41,2
donnahaynes956,269,982aa7ea,6,15,282
ynelson957,843,a5c0b616,5,46,886
jose40958,610,16250382,17,35,808
fostertaylor959,286,7c07538b,89,33,150
victoria05960,561,2485e967,84,6,293
rhonda48961,777,a9a08804,8,28,312
catherine74962,807,2efff3b9,12,50,35
evansjessica963,258,c6cf1885,84,20,752
williamchoi964,30,90670e67,71,6,197
freemankathleen965,856,5679b538,6,21,487
jeffrey87966,494,261f013c,83,41,412
creid967,365,2464b411,90,14,681
michelle52968,312,3e3799d7,19,32,761
youngaaron969,993,9141cc77,9,28,693
clifford13970,886,9f7503f5,77,19,826
meyerskimberly971,414,55f90add,67,42,476
michael81972,673,9492461c,92,16,88
matthewrodriguez973,606,1aba3970,88,22,64
lindamoses974,858,edc26d0c,28,37,924
ftucker975,276,819ee961,3,45,435
morrismelissa976,306,ee9550d2,64,17,962
justinjones977,319,06f51d63,47,31,801
samantha05978,716,8d1170fc,91,2,341
jamessmith979,887,437dcace,83,10,994
darrendaniels980,253,3e44d7af,62,44,891
pettyjames981,718,09a0fa91,42,28,698
panderson982,582,1ed1222b,75,50,307
tavery983,565,f0696c99,3,47,590
amanda87984,289,bdebb3b4,27,17,148
igreen985,900,8729e76c,86,32,12
marvin26986,123,33f98923,42,22,982
qmorgan987,314,12740d13,85,37,418
erinwilliams988,330,c8c84b5b,56,15,615
williemartinez989,556,b4caf298,63,33,380
timothy96990,894,1a4d4505,70,38,236
tina25991,390,9eb5b550,16,12,493
gary04992,493,909f1afb,98,12,43
austin58993,286,c4f79dc4,59,21,713
fbrown994,521,5d4d0a97,33,28,546
timothyburns995,874,0084e3b5,45,36,924
russellrosales996,808,b31d25e6,92,48,605
mitchell32997,991,efbac438,51,6,194
wayne07998,193,38953b9c,23,48,462
smurillo999,301,aed78ed6,9,29,404
